{
  "main": {
    "id": "aee088f951c3d3a3",
    "type": "split",
    "children": [
      {
        "id": "11053eecbb165c02",
        "type": "tabs",
        "children": [
          {
            "id": "5a6aca36a934273f",
            "type": "leaf",
            "state": {
              "type": "markdown",
              "state": {
                "file": "Subnet/NMAP SCAN FOR SUBNET.md",
                "mode": "source",
                "source": false
              },
              "icon": "lucide-file",
              "title": "NMAP SCAN FOR SUBNET"
            }
          }
        ]
      }
    ],
    "direction": "vertical"
  },
  "left": {
    "id": "5ca5daa0669b830a",
    "type": "split",
    "children": [
      {
        "id": "18ab48a8ad0f72ff",
        "type": "tabs",
        "children": [
          {
            "id": "ff4597c0244034ef",
            "type": "leaf",
            "state": {
              "type": "file-explorer",
              "state": {
                "sortOrder": "alphabetical",
                "autoReveal": false
              },
              "icon": "lucide-folder-closed",
              "title": "Files"
            }
          },
          {
            "id": "1fe1ea050b35b953",
            "type": "leaf",
            "state": {
              "type": "search",
              "state": {
                "query": "",
                "matchingCase": false,
                "explainSearch": false,
                "collapseAll": false,
                "extraContext": false,
                "sortOrder": "alphabetical"
              },
              "icon": "lucide-search",
              "title": "Search"
            }
          },
          {
            "id": "579b36724496e180",
            "type": "leaf",
            "state": {
              "type": "bookmarks",
              "state": {},
              "icon": "lucide-bookmark",
              "title": "Bookmarks"
            }
          }
        ]
      }
    ],
    "direction": "horizontal",
    "width": 300
  },
  "right": {
    "id": "e0e7cf410cde8b4d",
    "type": "split",
    "children": [
      {
        "id": "a82cb7967819d06e",
        "type": "tabs",
        "children": [
          {
            "id": "3cc17e5933005bf7",
            "type": "leaf",
            "state": {
              "type": "backlink",
              "state": {
                "file": "Subnet/NMAP SCAN FOR SUBNET.md",
                "collapseAll": false,
                "extraContext": false,
                "sortOrder": "alphabetical",
                "showSearch": false,
                "searchQuery": "",
                "backlinkCollapsed": false,
                "unlinkedCollapsed": true
              },
              "icon": "links-coming-in",
              "title": "Backlinks for NMAP SCAN FOR SUBNET"
            }
          },
          {
            "id": "473c369b53943153",
            "type": "leaf",
            "state": {
              "type": "outgoing-link",
              "state": {
                "file": "Subnet/NMAP SCAN FOR SUBNET.md",
                "linksCollapsed": false,
                "unlinkedCollapsed": true
              },
              "icon": "links-going-out",
              "title": "Outgoing links from NMAP SCAN FOR SUBNET"
            }
          },
          {
            "id": "712db0eb07d5b060",
            "type": "leaf",
            "state": {
              "type": "tag",
              "state": {
                "sortOrder": "frequency",
                "useHierarchy": true,
                "showSearch": false,
                "searchQuery": ""
              },
              "icon": "lucide-tags",
              "title": "Tags"
            }
          },
          {
            "id": "cd85d9cb5a8c5605",
            "type": "leaf",
            "state": {
              "type": "outline",
              "state": {
                "file": "Subnet/NMAP SCAN FOR SUBNET.md",
                "followCursor": false,
                "showSearch": false,
                "searchQuery": ""
              },
              "icon": "lucide-list",
              "title": "Outline of NMAP SCAN FOR SUBNET"
            }
          }
        ]
      }
    ],
    "direction": "horizontal",
    "width": 300,
    "collapsed": true
  },
  "left-ribbon": {
    "hiddenItems": {
      "switcher:Open quick switcher": false,
      "graph:Open graph view": false,
      "canvas:Create new canvas": false,
      "daily-notes:Open today's daily note": false,
      "templates:Insert template": false,
      "command-palette:Open command palette": false,
      "bases:Create new base": false
    }
  },
  "active": "5a6aca36a934273f",
  "lastOpenFiles": [
    "Subnet/Host IP/Initial Access.md",
    "Subnet/NMAP SCAN FOR SUBNET.md",
    "Subnet/Host IP/Privilege Escalation.md",
    "Subnet/Host IP/Ports/FTP (Example).md",
    "Checklist/Enumeration/Azure AD.md",
    "Checklist/Enumeration/Active Directory.md",
    "Checklist/Enumeration/Web - HTTP (TCP 80, 8080, 443).md",
    "Checklist/Enumeration/Operational Technology (OT).md",
    "Checklist/Phishing.md",
    "CPTC NetRunners Notes.md",
    "Subnet/Host IP/NMAP SCAN FOR IP.md",
    "Checklist/Enumeration/SMB (TCP 445, 139).md",
    "Checklist/Enumeration/FTP (TCP 21).md",
    "Checklist/Enumeration/SSH (TCP  22).md",
    "Checklist/Privilege Escalation",
    "Checklist/Enumeration",
    "Checklist",
    "Subnet/Host IP/Ports",
    "Subnet/Host IP",
    "Subnet"
  ]
}