{
  "main": {
    "id": "ec4dda1fc549d154",
    "type": "split",
    "children": [
      {
        "id": "046ebf808f9647ae",
        "type": "tabs",
        "children": [
          {
            "id": "ce3eed5f5ed8753c",
            "type": "leaf",
            "state": {
              "type": "markdown",
              "state": {
                "file": "enumeration/SECRETS/Usernames, Passwords and Hashes.md",
                "mode": "source",
                "source": false
              },
              "icon": "lucide-file",
              "title": "Usernames, Passwords and Hashes"
            }
          }
        ]
      }
    ],
    "direction": "vertical"
  },
  "left": {
    "id": "2d8eb654204c56a7",
    "type": "split",
    "children": [
      {
        "id": "8504771c06307979",
        "type": "tabs",
        "children": [
          {
            "id": "e678b62e18132f8e",
            "type": "leaf",
            "state": {
              "type": "file-explorer",
              "state": {
                "sortOrder": "alphabetical",
                "autoReveal": false
              },
              "icon": "lucide-folder-closed",
              "title": "Files"
            }
          },
          {
            "id": "a98efd0e8ed5135a",
            "type": "leaf",
            "state": {
              "type": "search",
              "state": {
                "query": "",
                "matchingCase": false,
                "explainSearch": false,
                "collapseAll": false,
                "extraContext": false,
                "sortOrder": "alphabetical"
              },
              "icon": "lucide-search",
              "title": "Search"
            }
          },
          {
            "id": "af414e9680412316",
            "type": "leaf",
            "state": {
              "type": "bookmarks",
              "state": {},
              "icon": "lucide-bookmark",
              "title": "Bookmarks"
            }
          }
        ]
      }
    ],
    "direction": "horizontal",
    "width": 300
  },
  "right": {
    "id": "8b1ba2e0ad4772cd",
    "type": "split",
    "children": [
      {
        "id": "d0f80b09333d86cc",
        "type": "tabs",
        "children": [
          {
            "id": "3eb205fc82caca50",
            "type": "leaf",
            "state": {
              "type": "backlink",
              "state": {
                "file": "enumeration/SECRETS/Usernames, Passwords and Hashes.md",
                "collapseAll": false,
                "extraContext": false,
                "sortOrder": "alphabetical",
                "showSearch": false,
                "searchQuery": "",
                "backlinkCollapsed": false,
                "unlinkedCollapsed": true
              },
              "icon": "links-coming-in",
              "title": "Backlinks for Usernames, Passwords and Hashes"
            }
          },
          {
            "id": "ea836576feb97cdf",
            "type": "leaf",
            "state": {
              "type": "outgoing-link",
              "state": {
                "file": "enumeration/SECRETS/Usernames, Passwords and Hashes.md",
                "linksCollapsed": false,
                "unlinkedCollapsed": true
              },
              "icon": "links-going-out",
              "title": "Outgoing links from Usernames, Passwords and Hashes"
            }
          },
          {
            "id": "ec47cfb9ad51ce68",
            "type": "leaf",
            "state": {
              "type": "tag",
              "state": {
                "sortOrder": "frequency",
                "useHierarchy": true,
                "showSearch": false,
                "searchQuery": ""
              },
              "icon": "lucide-tags",
              "title": "Tags"
            }
          },
          {
            "id": "77b2af99e57fc684",
            "type": "leaf",
            "state": {
              "type": "outline",
              "state": {
                "file": "enumeration/SECRETS/Usernames, Passwords and Hashes.md",
                "followCursor": false,
                "showSearch": false,
                "searchQuery": ""
              },
              "icon": "lucide-list",
              "title": "Outline of Usernames, Passwords and Hashes"
            }
          }
        ]
      }
    ],
    "direction": "horizontal",
    "width": 300,
    "collapsed": true
  },
  "left-ribbon": {
    "hiddenItems": {
      "switcher:Open quick switcher": false,
      "graph:Open graph view": false,
      "canvas:Create new canvas": false,
      "daily-notes:Open today's daily note": false,
      "templates:Insert template": false,
      "command-palette:Open command palette": false,
      "bases:Create new base": false
    }
  },
  "active": "e678b62e18132f8e",
  "lastOpenFiles": [
    "enumeration/SECRETS/Usernames.md",
    "enumeration/SECRETS/Usernames, Passwords and Hashes.md",
    "enumeration/Subnet (cloud.apt.local)/SUBNET NOTES.md",
    "enumeration/Subnet (cloud.apt.local)/SUBNET FINDINGS.md",
    "enumeration/Subnet (cloud.apt.local)/SUBNET NMAP SCAN.md",
    "enumeration/Subnet (cloud.apt.local)/Host IP/HOST NMAP SCAN.md",
    "enumeration/Subnet (cloud.apt.local)/Host IP/HOST NOTES.md",
    "enumeration/Subnet (cloud.apt.local)/Host IP/Privilege Escalation.md",
    "enumeration/Subnet (cloud.apt.local)/Host IP/Initial Access.md",
    "enumeration/Subnet (cloud.apt.local)/Host IP/HOST FINDINGS.md",
    "enumeration/Subnet/Untitled.md",
    "enumeration/SECRETS"
  ]
}